{"_step":1,"loss":0.6479283273220062,"_timestamp":1.7320253934411914e+09,"image_pred":{"count":1,"filenames":["media/images/image_pred_1_cf94f4b652b757b9c7c4.png"],"_type":"images/separated","width":5120,"height":480,"format":"png"},"_wandb":{"runtime":10},"_runtime":10.551998736}