{"Accuracy":1,"_runtime":38.634446401,"_wandb":{"runtime":38},"_step":16,"loss":1.0207079867541324e-05,"_timestamp":1.7320257823363366e+09,"image_pred":{"_type":"images/separated","width":5120,"height":480,"format":"png","count":1,"filenames":["media/images/image_pred_16_a67d9b6b9c497931ad14.png"]},"Validation Loss":1.1473841823317344e-07}